{
  "formatVersion": 1,
  "database": {
    "version": 1,
    "identityHash": "346446f7d63b8b1c253c79882af728e3",
    "entities": [
      {
        "tableName": "animals",
        "createSql": "CREATE TABLE IF NOT EXISTS `${TABLE_NAME}` (`id` INTEGER PRIMARY KEY AUTOINCREMENT, `name` TEXT NOT NULL, `breed` TEXT NOT NULL, `age` REAL NOT NULL, `tag` TEXT NOT NULL, `date_added` INTEGER NOT NULL)",
        "fields": [
          {
            "fieldPath": "id",
            "columnName": "id",
            "affinity": "INTEGER",
            "notNull": false
          },
          {
            "fieldPath": "name",
            "columnName": "name",
            "affinity": "TEXT",
            "notNull": true
          },
          {
            "fieldPath": "breed",
            "columnName": "breed",
            "affinity": "TEXT",
            "notNull": true
          },
          {
            "fieldPath": "age",
            "columnName": "age",
            "affinity": "REAL",
            "notNull": true
          },
          {
            "fieldPath": "tag",
            "columnName": "tag",
            "affinity": "TEXT",
            "notNull": true
          },
          {
            "fieldPath": "dateAdded",
            "columnName": "date_added",
            "affinity": "INTEGER",
            "notNull": true
          }
        ],
        "primaryKey": {
          "columnNames": [
            "id"
          ],
          "autoGenerate": true
        },
        "indices": [],
        "foreignKeys": []
      },
      {
        "tableName": "expenses",
        "createSql": "CREATE TABLE IF NOT EXISTS `${TABLE_NAME}` (`id` INTEGER PRIMARY KEY AUTOINCREMENT, `title` TEXT NOT NULL, `description` TEXT NOT NULL, `amount` REAL NOT NULL, `expense_date` INTEGER NOT NULL)",
        "fields": [
          {
            "fieldPath": "id",
            "columnName": "id",
            "affinity": "INTEGER",
            "notNull": false
          },
          {
            "fieldPath": "title",
            "columnName": "title",
            "affinity": "TEXT",
            "notNull": true
          },
          {
            "fieldPath": "description",
            "columnName": "description",
            "affinity": "TEXT",
            "notNull": true
          },
          {
            "fieldPath": "amount",
            "columnName": "amount",
            "affinity": "REAL",
            "notNull": true
          },
          {
            "fieldPath": "date",
            "columnName": "expense_date",
            "affinity": "INTEGER",
            "notNull": true
          }
        ],
        "primaryKey": {
          "columnNames": [
            "id"
          ],
          "autoGenerate": true
        },
        "indices": [],
        "foreignKeys": []
      },
      {
        "tableName": "farmer_calendar",
        "createSql": "CREATE TABLE IF NOT EXISTS `${TABLE_NAME}` (`id` INTEGER PRIMARY KEY AUTOINCREMENT, `title` TEXT NOT NULL, `description` TEXT NOT NULL, `date` INTEGER NOT NULL)",
        "fields": [
          {
            "fieldPath": "id",
            "columnName": "id",
            "affinity": "INTEGER",
            "notNull": false
          },
          {
            "fieldPath": "title",
            "columnName": "title",
            "affinity": "TEXT",
            "notNull": true
          },
          {
            "fieldPath": "description",
            "columnName": "description",
            "affinity": "TEXT",
            "notNull": true
          },
          {
            "fieldPath": "date",
            "columnName": "date",
            "affinity": "INTEGER",
            "notNull": true
          }
        ],
        "primaryKey": {
          "columnNames": [
            "id"
          ],
          "autoGenerate": true
        },
        "indices": [],
        "foreignKeys": []
      },
      {
        "tableName": "notes",
        "createSql": "CREATE TABLE IF NOT EXISTS `${TABLE_NAME}` (`id` INTEGER PRIMARY KEY AUTOINCREMENT, `title` TEXT NOT NULL, `note` TEXT, `date` INTEGER NOT NULL)",
        "fields": [
          {
            "fieldPath": "id",
            "columnName": "id",
            "affinity": "INTEGER",
            "notNull": false
          },
          {
            "fieldPath": "title",
            "columnName": "title",
            "affinity": "TEXT",
            "notNull": true
          },
          {
            "fieldPath": "note",
            "columnName": "note",
            "affinity": "TEXT",
            "notNull": false
          },
          {
            "fieldPath": "date",
            "columnName": "date",
            "affinity": "INTEGER",
            "notNull": true
          }
        ],
        "primaryKey": {
          "columnNames": [
            "id"
          ],
          "autoGenerate": true
        },
        "indices": [],
        "foreignKeys": []
      },
      {
        "tableName": "produce",
        "createSql": "CREATE TABLE IF NOT EXISTS `${TABLE_NAME}` (`id` INTEGER PRIMARY KEY AUTOINCREMENT, `name` TEXT NOT NULL, `animal_id` INTEGER NOT NULL, `quantity_produced` REAL NOT NULL, `previous_produce` REAL NOT NULL, `expected_produce` REAL NOT NULL, `produce_date` INTEGER NOT NULL)",
        "fields": [
          {
            "fieldPath": "id",
            "columnName": "id",
            "affinity": "INTEGER",
            "notNull": false
          },
          {
            "fieldPath": "produceName",
            "columnName": "name",
            "affinity": "TEXT",
            "notNull": true
          },
          {
            "fieldPath": "animalId",
            "columnName": "animal_id",
            "affinity": "INTEGER",
            "notNull": true
          },
          {
            "fieldPath": "quantityProduced",
            "columnName": "quantity_produced",
            "affinity": "REAL",
            "notNull": true
          },
          {
            "fieldPath": "previousProduce",
            "columnName": "previous_produce",
            "affinity": "REAL",
            "notNull": true
          },
          {
            "fieldPath": "expectedProduce",
            "columnName": "expected_produce",
            "affinity": "REAL",
            "notNull": true
          },
          {
            "fieldPath": "date",
            "columnName": "produce_date",
            "affinity": "INTEGER",
            "notNull": true
          }
        ],
        "primaryKey": {
          "columnNames": [
            "id"
          ],
          "autoGenerate": true
        },
        "indices": [],
        "foreignKeys": []
      },
      {
        "tableName": "records",
        "createSql": "CREATE TABLE IF NOT EXISTS `${TABLE_NAME}` (`id` INTEGER PRIMARY KEY AUTOINCREMENT, `tag` TEXT NOT NULL, `breed` TEXT, `quantity_produced` REAL NOT NULL, `previous_produce` REAL, `expected_produce` REAL, `date` INTEGER NOT NULL, `created_at` INTEGER NOT NULL)",
        "fields": [
          {
            "fieldPath": "id",
            "columnName": "id",
            "affinity": "INTEGER",
            "notNull": false
          },
          {
            "fieldPath": "tag",
            "columnName": "tag",
            "affinity": "TEXT",
            "notNull": true
          },
          {
            "fieldPath": "breed",
            "columnName": "breed",
            "affinity": "TEXT",
            "notNull": false
          },
          {
            "fieldPath": "quantityProduced",
            "columnName": "quantity_produced",
            "affinity": "REAL",
            "notNull": true
          },
          {
            "fieldPath": "previousProduce",
            "columnName": "previous_produce",
            "affinity": "REAL",
            "notNull": false
          },
          {
            "fieldPath": "expectedProduce",
            "columnName": "expected_produce",
            "affinity": "REAL",
            "notNull": false
          },
          {
            "fieldPath": "date",
            "columnName": "date",
            "affinity": "INTEGER",
            "notNull": true
          },
          {
            "fieldPath": "createdAt",
            "columnName": "created_at",
            "affinity": "INTEGER",
            "notNull": true
          }
        ],
        "primaryKey": {
          "columnNames": [
            "id"
          ],
          "autoGenerate": true
        },
        "indices": [],
        "foreignKeys": []
      }
    ],
    "views": [],
    "setupQueries": [
      "CREATE TABLE IF NOT EXISTS room_master_table (id INTEGER PRIMARY KEY,identity_hash TEXT)",
      "INSERT OR REPLACE INTO room_master_table (id,identity_hash) VALUES(42, '346446f7d63b8b1c253c79882af728e3')"
    ]
  }
}